id,nombre,apellido,email,genero,edad
1,Maurizia,Ungerechts,mungerechts0@google.com,F,28
2,Tobi,Grinnell,tgrinnell1@hatena.ne.jp,F,32
3,Brena,Zannotti,bzannotti2@clickbank.net,F,43
4,Teriann,Thomazet,tthomazet3@imdb.com,F,53
5,Sile,Vassel,svassel4@angelfire.com,F,58
6,Wendel,Sandars,wsandars5@ihg.com,M,27
7,Pebrook,Farrants,pfarrants6@bloomberg.com,M,77
8,Lita,Bricknall,lbricknall7@theglobeandmail.com,F,72
9,Olympie,Barnardo,obarnardo8@rakuten.co.jp,F,74
10,Vail,Castagna,vcastagna9@gravatar.com,M,39
11,Vilma,Spir,vspira@twitter.com,F,35
12,Albina,McFfaden,amcffadenb@ning.com,F,55
13,Addy,Loyndon,aloyndonc@pcworld.com,M,49
14,Tailor,Brideau,tbrideaud@nbcnews.com,M,46
15,Matteo,Mothersdale,mmothersdalee@bloglovin.com,M,61
16,Edd,Jahnel,ejahnelf@wp.com,M,78
17,Grenville,Formigli,gformiglig@canalblog.com,M,73
18,Kele,Licari,klicarih@examiner.com,M,18
19,Adria,Gerault,ageraulti@cbc.ca,F,29
20,Maud,Standage,mstandagej@woothemes.com,F,64
21,Kylila,Antognetti,kantognettik@house.gov,F,47
22,Rochester,Cathel,rcathell@wp.com,M,46
23,Vail,Woollhead,vwoollheadm@patch.com,M,47
24,Bev,Crolly,bcrollyn@mozilla.org,M,63
25,Christel,Britney,cbritneyo@hexun.com,F,33
26,Ly,Gronw,lgronwp@dailymotion.com,M,41
27,Somerset,Milnes,smilnesq@opera.com,M,36
28,Maggi,Cazalet,mcazaletr@zdnet.com,F,55
29,Christie,Lingley,clingleys@chron.com,F,39
30,Danella,Halbord,dhalbordt@uol.com.br,F,24
31,Jeremy,Sushams,jsushamsu@chronoengine.com,M,79
32,Astrix,Tenpenny,atenpennyv@jimdo.com,F,23
33,Kriste,Crunkhorn,kcrunkhornw@usatoday.com,F,46
34,Latia,Beek,lbeekx@google.nl,F,45
35,Gar,Corkel,gcorkely@dyndns.org,M,45
36,Rhodie,Bourrel,rbourrelz@dropbox.com,F,65
37,Chiquita,Langhorne,clanghorne10@stanford.edu,F,72
38,Layton,Timbrell,ltimbrell11@posterous.com,M,50
39,Maynard,Ogden,mogden12@nbcnews.com,M,39
40,Danit,Gettens,dgettens13@nymag.com,F,80
41,Wandis,Korlat,wkorlat14@gov.uk,F,69
42,Polly,Binnes,pbinnes15@ftc.gov,F,68
43,Jerry,Malkinson,jmalkinson16@microsoft.com,F,20
44,Nicky,Giacaponi,ngiacaponi17@opensource.org,M,32
45,Carey,Smalls,csmalls18@businesswire.com,M,43
46,Lorna,Buttle,lbuttle19@is.gd,F,50
47,Petronella,Pedel,ppedel1a@desdev.cn,F,25
48,Whit,Gahagan,wgahagan1b@guardian.co.uk,M,65
49,Jaquenetta,Bambury,jbambury1c@cbc.ca,F,34
50,Ravid,Sissel,rsissel1d@1und1.de,M,37
